Year,Status,No.,Disability Type,Total
2023,Private,1,Physically Handicapped,70
2023,Private,1,Others,707
2023,Private,1,Mentally Retarded,1915
2023,Private,1,Blind,36
2023,Private,1,Deaf,741
2022,Private,1,Blind,53
2022,Private,1,Others,572
2022,Private,1,Deaf,795
2022,Private,1,Mentally Retarded,1884
2022,Private,1,Physically Handicapped,68
2021,Private,1,Deaf,928
2021,Private,1,Blind,60
2021,Private,1,Mentally Retarded,1937
2021,Private,1,Physically Handicapped,75
2021,Private,1,Others,489
2023,Public,1,Physically Handicapped,21
2023,Public,1,Others,457
2023,Public,1,Mentally Retarded,1594
2023,Public,1,Blind,102
2023,Public,1,Deaf,558
2022,Public,1,Others,244
2022,Public,1,Deaf,672
2022,Public,1,Blind,102
2022,Public,1,Physically Handicapped,27
2022,Public,1,Mentally Retarded,1581
2021,Public,1,Blind,118
2021,Public,1,Mentally Retarded,1580
2021,Public,1,Deaf,664
2021,Public,1,Others,213
2021,Public,1,Physically Handicapped,29
2023,Private,2,Deaf,3084
2023,Private,2,Mentally Retarded,12625
2023,Private,2,Physically Handicapped,608
2023,Private,2,Others,3880
2023,Private,2,Blind,379
2022,Private,2,Physically Handicapped,719
2022,Private,2,Deaf,3301
2022,Private,2,Mentally Retarded,12061
2022,Private,2,Others,3432
2022,Private,2,Blind,403
2021,Private,2,Others,2836
2021,Private,2,Mentally Retarded,11879
2021,Private,2,Physically Handicapped,703
2021,Private,2,Blind,390
2021,Private,2,Deaf,3404
2023,Public,2,Blind,322
2023,Public,2,Physically Handicapped,423
2023,Public,2,Mentally Retarded,4389
2023,Public,2,Deaf,1422
2023,Public,2,Others,1343
2022,Public,2,Mentally Retarded,3789
2022,Public,2,Physically Handicapped,390
2022,Public,2,Deaf,1290
2022,Public,2,Others,888
2022,Public,2,Blind,304
2021,Public,2,Physically Handicapped,311
2021,Public,2,Others,586
2021,Public,2,Mentally Retarded,3255
2021,Public,2,Blind,285
2021,Public,2,Deaf,1168
2023,Private,3,Physically Handicapped,227
2023,Private,3,Others,1726
2023,Private,3,Mentally Retarded,2384
2023,Private,3,Blind,103
2023,Private,3,Deaf,687
2022,Private,3,Deaf,751
2022,Private,3,Blind,102
2022,Private,3,Others,1456
2022,Private,3,Physically Handicapped,247
2022,Private,3,Mentally Retarded,2318
2021,Private,3,Mentally Retarded,2393
2021,Private,3,Deaf,765
2021,Private,3,Blind,113
2021,Private,3,Others,1247
2021,Private,3,Physically Handicapped,257
2023,Public,3,Blind,48
2023,Public,3,Mentally Retarded,812
2023,Public,3,Deaf,314
2023,Public,3,Physically Handicapped,45
2023,Public,3,Others,326
2022,Public,3,Blind,42
2022,Public,3,Others,236
2022,Public,3,Deaf,314
2022,Public,3,Physically Handicapped,51
2022,Public,3,Mentally Retarded,722
2021,Public,3,Deaf,287
2021,Public,3,Blind,39
2021,Public,3,Mentally Retarded,726
2021,Public,3,Others,178
2021,Public,3,Physically Handicapped,51
2023,Private,4,Physically Handicapped,269
2023,Private,4,Others,2027
2023,Private,4,Mentally Retarded,6308
2023,Private,4,Blind,159
2023,Private,4,Deaf,1859
2022,Private,4,Mentally Retarded,6063
2022,Private,4,Physically Handicapped,396
2022,Private,4,Deaf,1837
2022,Private,4,Blind,170
2022,Private,4,Others,1576
2021,Private,4,Physically Handicapped,450
2021,Private,4,Others,1382
2021,Private,4,Mentally Retarded,6105
2021,Private,4,Deaf,1959
2021,Private,4,Blind,173
2023,Public,4,Deaf,1964
2023,Public,4,Blind,314
2023,Public,4,Mentally Retarded,6353
2023,Public,4,Others,1271
2023,Public,4,Physically Handicapped,448
2022,Public,4,Others,1043
2022,Public,4,Physically Handicapped,459
2022,Public,4,Blind,283
2022,Public,4,Deaf,1893
2022,Public,4,Mentally Retarded,6219
2021,Public,4,Blind,261
2021,Public,4,Others,773
2021,Public,4,Deaf,1838
2021,Public,4,Mentally Retarded,5961
2021,Public,4,Physically Handicapped,433
2023,Private,5,Deaf,282
2023,Private,5,Mentally Retarded,2056
2023,Private,5,Physically Handicapped,113
2023,Private,5,Others,1058
2023,Private,5,Blind,74
2022,Private,5,Physically Handicapped,171
2022,Private,5,Others,759
2022,Private,5,Mentally Retarded,2086
2022,Private,5,Deaf,422
2022,Private,5,Blind,86
2021,Private,5,Others,650
2021,Private,5,Blind,80
2021,Private,5,Physically Handicapped,186
2021,Private,5,Mentally Retarded,2163
2021,Private,5,Deaf,417
2023,Public,5,Blind,34
2023,Public,5,Mentally Retarded,891
2023,Public,5,Deaf,214
2023,Public,5,Others,256
2023,Public,5,Physically Handicapped,51
2022,Public,5,Mentally Retarded,884
2022,Public,5,Physically Handicapped,70
2022,Public,5,Deaf,257
2022,Public,5,Others,169
2022,Public,5,Blind,36
2021,Public,5,Physically Handicapped,69
2021,Public,5,Others,130
2021,Public,5,Mentally Retarded,880
2021,Public,5,Blind,36
2021,Public,5,Deaf,280
2023,Private,6,Deaf,2699
2023,Private,6,Blind,520
2023,Private,6,Mentally Retarded,8569
2023,Private,6,Others,3637
2023,Private,6,Physically Handicapped,608
2022,Private,6,Mentally Retarded,8246
2022,Private,6,Physically Handicapped,647
2022,Private,6,Deaf,2746
2022,Private,6,Others,2977
2022,Private,6,Blind,483
2021,Private,6,Physically Handicapped,739
2021,Private,6,Others,2508
2021,Private,6,Mentally Retarded,8516
2021,Private,6,Blind,489
2021,Private,6,Deaf,2953
2023,Public,6,Others,867
2023,Public,6,Blind,272
2023,Public,6,Physically Handicapped,252
2023,Public,6,Deaf,1192
2023,Public,6,Mentally Retarded,3439
2022,Public,6,Blind,267
2022,Public,6,Others,670
2022,Public,6,Mentally Retarded,3309
2022,Public,6,Deaf,1183
2022,Public,6,Physically Handicapped,262
2021,Public,6,Deaf,1217
2021,Public,6,Blind,251
2021,Public,6,Physically Handicapped,275
2021,Public,6,Mentally Retarded,3265
2021,Public,6,Others,498
2023,Private,7,Physically Handicapped,129
2023,Private,7,Others,461
2023,Private,7,Mentally Retarded,1009
2023,Private,7,Blind,64
2023,Private,7,Deaf,299
2022,Private,7,Mentally Retarded,1031
2022,Private,7,Deaf,295
2022,Private,7,Blind,71
2022,Private,7,Others,446
2022,Private,7,Physically Handicapped,163
2021,Private,7,Physically Handicapped,151
2021,Private,7,Mentally Retarded,978
2021,Private,7,Deaf,308
2021,Private,7,Blind,67
2021,Private,7,Others,430
2023,Public,7,Deaf,460
2023,Public,7,Blind,92
2023,Public,7,Mentally Retarded,1486
2023,Public,7,Others,613
2023,Public,7,Physically Handicapped,195
2022,Public,7,Physically Handicapped,209
2022,Public,7,Others,514
2022,Public,7,Blind,88
2022,Public,7,Deaf,449
2022,Public,7,Mentally Retarded,1286
2021,Public,7,Others,433
2021,Public,7,Blind,76
2021,Public,7,Deaf,470
2021,Public,7,Mentally Retarded,1278
2021,Public,7,Physically Handicapped,195
2023,Private,8,Deaf,618
2023,Private,8,Blind,101
2023,Private,8,Others,651
2023,Private,8,Physically Handicapped,56
2023,Private,8,Mentally Retarded,1175
2022,Private,8,Blind,111
2022,Private,8,Others,521
2022,Private,8,Deaf,585
2022,Private,8,Physically Handicapped,64
2022,Private,8,Mentally Retarded,1109
2021,Private,8,Deaf,550
2021,Private,8,Blind,113
2021,Private,8,Mentally Retarded,1029
2021,Private,8,Others,407
2021,Private,8,Physically Handicapped,62
2023,Public,8,Physically Handicapped,88
2023,Public,8,Others,631
2023,Public,8,Mentally Retarded,1665
2023,Public,8,Blind,56
2023,Public,8,Deaf,696
2022,Public,8,Others,506
2022,Public,8,Mentally Retarded,1658
2022,Public,8,Physically Handicapped,101
2022,Public,8,Blind,61
2022,Public,8,Deaf,683
2021,Public,8,Blind,64
2021,Public,8,Physically Handicapped,112
2021,Public,8,Others,445
2021,Public,8,Deaf,694
2021,Public,8,Mentally Retarded,1637
2023,Private,9,Deaf,362
2023,Private,9,Blind,48
2023,Private,9,Mentally Retarded,2741
2023,Private,9,Others,1853
2023,Private,9,Physically Handicapped,107
2022,Private,9,Deaf,442
2022,Private,9,Mentally Retarded,2753
2022,Private,9,Blind,57
2022,Private,9,Physically Handicapped,151
2022,Private,9,Others,1674
2021,Private,9,Mentally Retarded,2677
2021,Private,9,Physically Handicapped,132
2021,Private,9,Deaf,465
2021,Private,9,Others,1529
2021,Private,9,Blind,55
2023,Public,9,Deaf,329
2023,Public,9,Physically Handicapped,51
2023,Public,9,Others,432
2023,Public,9,Mentally Retarded,1338
2023,Public,9,Blind,55
2022,Public,9,Others,368
2022,Public,9,Mentally Retarded,1318
2022,Public,9,Physically Handicapped,61
2022,Public,9,Deaf,326
2022,Public,9,Blind,58
2021,Public,9,Blind,54
2021,Public,9,Physically Handicapped,72
2021,Public,9,Others,288
2021,Public,9,Mentally Retarded,1361
2021,Public,9,Deaf,355
2023,Private,10,Mentally Retarded,789
2023,Private,10,Deaf,259
2023,Private,10,Others,662
2023,Private,10,Physically Handicapped,49
2023,Private,10,Blind,23
2022,Private,10,Others,581
2022,Private,10,Blind,26
2022,Private,10,Deaf,288
2022,Private,10,Mentally Retarded,796
2022,Private,10,Physically Handicapped,64
2021,Private,10,Blind,26
2021,Private,10,Deaf,290
2021,Private,10,Mentally Retarded,821
2021,Private,10,Physically Handicapped,66
2021,Private,10,Others,512
2023,Public,10,Mentally Retarded,986
2023,Public,10,Deaf,401
2023,Public,10,Physically Handicapped,77
2023,Public,10,Blind,52
2023,Public,10,Others,418
2022,Public,10,Others,324
2022,Public,10,Deaf,360
2022,Public,10,Physically Handicapped,79
2022,Public,10,Mentally Retarded,909
2022,Public,10,Blind,45
2021,Public,10,Blind,46
2021,Public,10,Mentally Retarded,917
2021,Public,10,Others,257
2021,Public,10,Physically Handicapped,81
2021,Public,10,Deaf,364
2023,Private,11,Physically Handicapped,12
2023,Private,11,Others,247
2023,Private,11,Mentally Retarded,247
2023,Private,11,Blind,16
2023,Private,11,Deaf,110
2022,Private,11,Blind,13
2022,Private,11,Others,207
2022,Private,11,Physically Handicapped,20
2022,Private,11,Mentally Retarded,234
2022,Private,11,Deaf,109
2021,Private,11,Deaf,114
2021,Private,11,Blind,9
2021,Private,11,Others,167
2021,Private,11,Physically Handicapped,18
2021,Private,11,Mentally Retarded,230
2023,Public,11,Mentally Retarded,464
2023,Public,11,Deaf,177
2023,Public,11,Others,298
2023,Public,11,Physically Handicapped,33
2023,Public,11,Blind,33
2022,Public,11,Others,255
2022,Public,11,Mentally Retarded,433
2022,Public,11,Physically Handicapped,32
2022,Public,11,Deaf,171
2022,Public,11,Blind,24
2021,Public,11,Blind,23
2021,Public,11,Physically Handicapped,38
2021,Public,11,Others,205
2021,Public,11,Mentally Retarded,436
2021,Public,11,Deaf,162
2023,Private,12,Others,146
2023,Private,12,Blind,5
2023,Private,12,Deaf,41
2023,Private,12,Physically Handicapped,40
2023,Private,12,Mentally Retarded,129
2022,Private,12,Mentally Retarded,100
2022,Private,12,Physically Handicapped,41
2022,Private,12,Deaf,41
2022,Private,12,Others,109
2022,Private,12,Blind,5
2021,Private,12,Physically Handicapped,39
2021,Private,12,Others,80
2021,Private,12,Mentally Retarded,77
2021,Private,12,Blind,5
2021,Private,12,Deaf,34
2023,Public,12,Others,336
2023,Public,12,Blind,38
2023,Public,12,Physically Handicapped,106
2023,Public,12,Deaf,417
2023,Public,12,Mentally Retarded,1114
2022,Public,12,Mentally Retarded,1061
2022,Public,12,Physically Handicapped,115
2022,Public,12,Deaf,406
2022,Public,12,Others,269
2022,Public,12,Blind,43
2021,Public,12,Physically Handicapped,106
2021,Public,12,Others,208
2021,Public,12,Mentally Retarded,1002
2021,Public,12,Blind,46
2021,Public,12,Deaf,414
2023,Private,13,Physically Handicapped,31
2023,Private,13,Others,368
2023,Private,13,Deaf,198
2023,Private,13,Mentally Retarded,594
2023,Private,13,Blind,29
2022,Private,13,Physically Handicapped,32
2022,Private,13,Mentally Retarded,561
2022,Private,13,Deaf,183
2022,Private,13,Blind,32
2022,Private,13,Others,352
2021,Private,13,Others,279
2021,Private,13,Physically Handicapped,32
2021,Private,13,Mentally Retarded,551
2021,Private,13,Deaf,201
2021,Private,13,Blind,39
2023,Public,13,Blind,20
2023,Public,13,Deaf,329
2023,Public,13,Others,383
2023,Public,13,Mentally Retarded,1059
2023,Public,13,Physically Handicapped,52
2022,Public,13,Deaf,331
2022,Public,13,Others,301
2022,Public,13,Blind,16
2022,Public,13,Mentally Retarded,1023
2022,Public,13,Physically Handicapped,52
2021,Public,13,Mentally Retarded,1008
2021,Public,13,Blind,13
2021,Public,13,Deaf,344
2021,Public,13,Physically Handicapped,49
2021,Public,13,Others,234
2023,Private,14,Mentally Retarded,123
2023,Private,14,Deaf,32
2023,Private,14,Physically Handicapped,19
2023,Private,14,Blind,1
2023,Private,14,Others,44
2022,Private,14,Others,37
2022,Private,14,Mentally Retarded,123
2022,Private,14,Deaf,34
2022,Private,14,Blind,1
2022,Private,14,Physically Handicapped,12
2021,Private,14,Blind,2
2021,Private,14,Physically Handicapped,11
2021,Private,14,Mentally Retarded,124
2021,Private,14,Deaf,37
2021,Private,14,Others,28
2023,Public,14,Blind,30
2023,Public,14,Mentally Retarded,583
2023,Public,14,Deaf,148
2023,Public,14,Others,275
2023,Public,14,Physically Handicapped,62
2022,Public,14,Blind,30
2022,Public,14,Others,238
2022,Public,14,Deaf,158
2022,Public,14,Physically Handicapped,59
2022,Public,14,Mentally Retarded,565
2021,Public,14,Deaf,148
2021,Public,14,Blind,28
2021,Public,14,Mentally Retarded,558
2021,Public,14,Others,200
2021,Public,14,Physically Handicapped,52
2023,Private,15,Blind,8
2023,Private,15,Physically Handicapped,1
2023,Private,15,Others,84
2023,Private,15,Mentally Retarded,99
2023,Private,15,Deaf,20
2022,Private,15,Deaf,11
2022,Private,15,Physically Handicapped,0
2022,Private,15,Mentally Retarded,88
2022,Private,15,Others,83
2022,Private,15,Blind,9
2021,Private,15,Mentally Retarded,90
2021,Private,15,Others,75
2021,Private,15,Physically Handicapped,0
2021,Private,15,Blind,11
2021,Private,15,Deaf,10
2023,Public,15,Blind,21
2023,Public,15,Physically Handicapped,45
2023,Public,15,Others,202
2023,Public,15,Deaf,189
2023,Public,15,Mentally Retarded,778
2022,Public,15,Deaf,185
2022,Public,15,Blind,19
2022,Public,15,Others,160
2022,Public,15,Physically Handicapped,61
2022,Public,15,Mentally Retarded,814
2021,Public,15,Mentally Retarded,851
2021,Public,15,Deaf,184
2021,Public,15,Blind,19
2021,Public,15,Others,127
2021,Public,15,Physically Handicapped,64
2023,Private,16,Blind,30
2023,Private,16,Deaf,97
2023,Private,16,Mentally Retarded,449
2023,Private,16,Others,233
2023,Private,16,Physically Handicapped,14
2022,Private,16,Mentally Retarded,392
2022,Private,16,Physically Handicapped,12
2022,Private,16,Blind,28
2022,Private,16,Deaf,110
2022,Private,16,Others,217
2021,Private,16,Physically Handicapped,11
2021,Private,16,Others,184
2021,Private,16,Deaf,114
2021,Private,16,Mentally Retarded,446
2021,Private,16,Blind,30
2023,Public,16,Physically Handicapped,13
2023,Public,16,Others,200
2023,Public,16,Mentally Retarded,742
2023,Public,16,Blind,20
2023,Public,16,Deaf,389
2022,Public,16,Mentally Retarded,781
2022,Public,16,Physically Handicapped,18
2022,Public,16,Deaf,406
2022,Public,16,Others,168
2022,Public,16,Blind,21
2021,Public,16,Physically Handicapped,12
2021,Public,16,Others,117
2021,Public,16,Mentally Retarded,796
2021,Public,16,Blind,20
2021,Public,16,Deaf,399
2023,Private,17,Physically Handicapped,5
2023,Private,17,Others,389
2023,Private,17,Mentally Retarded,288
2023,Private,17,Blind,3
2023,Private,17,Deaf,150
2022,Private,17,Mentally Retarded,240
2022,Private,17,Physically Handicapped,1
2022,Private,17,Deaf,140
2022,Private,17,Others,372
2022,Private,17,Blind,3
2021,Private,17,Physically Handicapped,7
2021,Private,17,Others,316
2021,Private,17,Mentally Retarded,263
2021,Private,17,Blind,4
2021,Private,17,Deaf,142
2023,Public,17,Deaf,217
2023,Public,17,Mentally Retarded,480
2023,Public,17,Physically Handicapped,42
2023,Public,17,Others,355
2023,Public,17,Blind,46
2022,Public,17,Mentally Retarded,456
2022,Public,17,Physically Handicapped,41
2022,Public,17,Deaf,210
2022,Public,17,Others,281
2022,Public,17,Blind,38
2021,Public,17,Physically Handicapped,45
2021,Public,17,Others,228
2021,Public,17,Mentally Retarded,439
2021,Public,17,Blind,33
2021,Public,17,Deaf,182
2023,Private,18,Blind,0
2023,Private,18,Physically Handicapped,3
2023,Private,18,Mentally Retarded,36
2023,Private,18,Deaf,11
2023,Private,18,Others,133
2022,Private,18,Blind,0
2022,Private,18,Deaf,12
2022,Private,18,Mentally Retarded,34
2022,Private,18,Physically Handicapped,3
2022,Private,18,Others,100
2021,Private,18,Deaf,17
2021,Private,18,Mentally Retarded,57
2021,Private,18,Physically Handicapped,5
2021,Private,18,Others,90
2021,Private,18,Blind,0
2023,Public,18,Blind,22
2023,Public,18,Others,385
2023,Public,18,Mentally Retarded,523
2023,Public,18,Deaf,198
2023,Public,18,Physically Handicapped,62
2022,Public,18,Physically Handicapped,77
2022,Public,18,Blind,19
2022,Public,18,Deaf,204
2022,Public,18,Mentally Retarded,546
2022,Public,18,Others,312
2021,Public,18,Others,257
2021,Public,18,Deaf,188
2021,Public,18,Mentally Retarded,522
2021,Public,18,Physically Handicapped,69
2021,Public,18,Blind,20
2023,Private,19,Others,78
2023,Private,19,Blind,0
2023,Private,19,Deaf,21
2023,Private,19,Mentally Retarded,44
2023,Private,19,Physically Handicapped,11
2022,Private,19,Physically Handicapped,9
2022,Private,19,Others,82
2022,Private,19,Mentally Retarded,43
2022,Private,19,Blind,0
2022,Private,19,Deaf,17
2021,Private,19,Others,52
2021,Private,19,Blind,0
2021,Private,19,Physically Handicapped,9
2021,Private,19,Deaf,20
2021,Private,19,Mentally Retarded,38
2023,Public,19,Blind,57
2023,Public,19,Deaf,507
2023,Public,19,Others,814
2023,Public,19,Physically Handicapped,84
2023,Public,19,Mentally Retarded,1204
2022,Public,19,Others,675
2022,Public,19,Mentally Retarded,1169
2022,Public,19,Physically Handicapped,88
2022,Public,19,Blind,53
2022,Public,19,Deaf,501
2021,Public,19,Blind,48
2021,Public,19,Physically Handicapped,95
2021,Public,19,Others,545
2021,Public,19,Deaf,498
2021,Public,19,Mentally Retarded,1230
2023,Private,20,Deaf,70
2023,Private,20,Others,533
2023,Private,20,Physically Handicapped,23
2023,Private,20,Mentally Retarded,408
2023,Private,20,Blind,4
2022,Private,20,Others,407
2022,Private,20,Blind,3
2022,Private,20,Mentally Retarded,386
2022,Private,20,Deaf,75
2022,Private,20,Physically Handicapped,29
2021,Private,20,Blind,5
2021,Private,20,Deaf,93
2021,Private,20,Physically Handicapped,31
2021,Private,20,Mentally Retarded,397
2021,Private,20,Others,337
2023,Public,20,Deaf,351
2023,Public,20,Blind,48
2023,Public,20,Mentally Retarded,762
2023,Public,20,Others,569
2023,Public,20,Physically Handicapped,68
2022,Public,20,Others,477
2022,Public,20,Deaf,359
2022,Public,20,Blind,41
2022,Public,20,Physically Handicapped,65
2022,Public,20,Mentally Retarded,724
2021,Public,20,Blind,37
2021,Public,20,Mentally Retarded,761
2021,Public,20,Deaf,350
2021,Public,20,Others,409
2021,Public,20,Physically Handicapped,72
2023,Private,21,Physically Handicapped,0
2023,Private,21,Others,11
2023,Private,21,Mentally Retarded,2
2023,Private,21,Blind,0
2023,Private,21,Deaf,0
2022,Private,21,Blind,0
2022,Private,21,Deaf,0
2022,Private,21,Mentally Retarded,0
2022,Private,21,Others,0
2022,Private,21,Physically Handicapped,0
2021,Private,21,Deaf,0
2021,Private,21,Mentally Retarded,0
2021,Private,21,Physically Handicapped,0
2021,Private,21,Blind,0
2021,Private,21,Others,0
2023,Public,21,Blind,8
2023,Public,21,Mentally Retarded,294
2023,Public,21,Deaf,70
2023,Public,21,Others,211
2023,Public,21,Physically Handicapped,15
2022,Public,21,Deaf,73
2022,Public,21,Blind,6
2022,Public,21,Others,176
2022,Public,21,Physically Handicapped,21
2022,Public,21,Mentally Retarded,280
2021,Public,21,Mentally Retarded,274
2021,Public,21,Deaf,74
2021,Public,21,Blind,5
2021,Public,21,Others,151
2021,Public,21,Physically Handicapped,20
2023,Private,22,Others,430
2023,Private,22,Mentally Retarded,586
2023,Private,22,Physically Handicapped,74
2023,Private,22,Blind,24
2023,Private,22,Deaf,174
2022,Private,22,Deaf,193
2022,Private,22,Mentally Retarded,582
2022,Private,22,Physically Handicapped,80
2022,Private,22,Blind,28
2022,Private,22,Others,415
2021,Private,22,Mentally Retarded,566
2021,Private,22,Physically Handicapped,90
2021,Private,22,Others,386
2021,Private,22,Deaf,214
2021,Private,22,Blind,27
2023,Public,22,Blind,16
2023,Public,22,Others,65
2023,Public,22,Deaf,77
2023,Public,22,Mentally Retarded,178
2023,Public,22,Physically Handicapped,19
2022,Public,22,Deaf,71
2022,Public,22,Blind,16
2022,Public,22,Mentally Retarded,179
2022,Public,22,Others,65
2022,Public,22,Physically Handicapped,24
2021,Public,22,Mentally Retarded,174
2021,Public,22,Deaf,78
2021,Public,22,Physically Handicapped,27
2021,Public,22,Blind,15
2021,Public,22,Others,64
2023,Private,23,Blind,0
2023,Private,23,Deaf,0
2023,Private,23,Physically Handicapped,0
2023,Private,23,Others,0
2023,Private,23,Mentally Retarded,0
2022,Private,23,Physically Handicapped,0
2022,Private,23,Blind,0
2022,Private,23,Deaf,0
2022,Private,23,Mentally Retarded,0
2022,Private,23,Others,0
2021,Private,23,Others,0
2021,Private,23,Deaf,0
2021,Private,23,Mentally Retarded,0
2021,Private,23,Physically Handicapped,0
2021,Private,23,Blind,0
2023,Public,23,Deaf,205
2023,Public,23,Blind,35
2023,Public,23,Others,111
2023,Public,23,Mentally Retarded,581
2023,Public,23,Physically Handicapped,128
2022,Public,23,Blind,41
2022,Public,23,Others,100
2022,Public,23,Mentally Retarded,588
2022,Public,23,Deaf,213
2022,Public,23,Physically Handicapped,137
2021,Public,23,Deaf,220
2021,Public,23,Blind,38
2021,Public,23,Physically Handicapped,126
2021,Public,23,Mentally Retarded,560
2021,Public,23,Others,90
2023,Private,24,Blind,24
2023,Private,24,Mentally Retarded,316
2023,Private,24,Deaf,82
2023,Private,24,Others,204
2023,Private,24,Physically Handicapped,43
2022,Private,24,Others,167
2022,Private,24,Blind,18
2022,Private,24,Physically Handicapped,31
2022,Private,24,Deaf,87
2022,Private,24,Mentally Retarded,315
2021,Private,24,Blind,13
2021,Private,24,Deaf,90
2021,Private,24,Others,115
2021,Private,24,Mentally Retarded,280
2021,Private,24,Physically Handicapped,30
2023,Public,24,Deaf,169
2023,Public,24,Blind,28
2023,Public,24,Mentally Retarded,480
2023,Public,24,Others,166
2023,Public,24,Physically Handicapped,81
2022,Public,24,Mentally Retarded,498
2022,Public,24,Physically Handicapped,72
2022,Public,24,Others,140
2022,Public,24,Deaf,175
2022,Public,24,Blind,35
2021,Public,24,Physically Handicapped,70
2021,Public,24,Others,146
2021,Public,24,Blind,37
2021,Public,24,Mentally Retarded,497
2021,Public,24,Deaf,188
2023,Private,25,Deaf,518
2023,Private,25,Blind,162
2023,Private,25,Mentally Retarded,1350
2023,Private,25,Others,666
2023,Private,25,Physically Handicapped,159
2022,Private,25,Physically Handicapped,176
2022,Private,25,Blind,162
2022,Private,25,Deaf,570
2022,Private,25,Others,571
2022,Private,25,Mentally Retarded,1425
2021,Private,25,Others,488
2021,Private,25,Deaf,584
2021,Private,25,Mentally Retarded,1390
2021,Private,25,Blind,170
2021,Private,25,Physically Handicapped,178
2023,Public,25,Physically Handicapped,95
2023,Public,25,Others,385
2023,Public,25,Mentally Retarded,1005
2023,Public,25,Deaf,418
2023,Public,25,Blind,51
2022,Public,25,Mentally Retarded,949
2022,Public,25,Physically Handicapped,107
2022,Public,25,Deaf,431
2022,Public,25,Others,277
2022,Public,25,Blind,51
2021,Public,25,Physically Handicapped,110
2021,Public,25,Others,233
2021,Public,25,Mentally Retarded,941
2021,Public,25,Blind,51
2021,Public,25,Deaf,413
2023,Private,26,Mentally Retarded,221
2023,Private,26,Deaf,98
2023,Private,26,Blind,8
2023,Private,26,Others,60
2023,Private,26,Physically Handicapped,65
2022,Private,26,Others,72
2022,Private,26,Mentally Retarded,254
2022,Private,26,Blind,14
2022,Private,26,Physically Handicapped,70
2022,Private,26,Deaf,110
2021,Private,26,Blind,15
2021,Private,26,Physically Handicapped,79
2021,Private,26,Deaf,119
2021,Private,26,Others,77
2021,Private,26,Mentally Retarded,253
2023,Public,26,Others,189
2023,Public,26,Deaf,142
2023,Public,26,Mentally Retarded,225
2023,Public,26,Physically Handicapped,63
2023,Public,26,Blind,18
2022,Public,26,Mentally Retarded,224
2022,Public,26,Physically Handicapped,64
2022,Public,26,Deaf,149
2022,Public,26,Others,167
2022,Public,26,Blind,19
2021,Public,26,Physically Handicapped,70
2021,Public,26,Others,177
2021,Public,26,Mentally Retarded,223
2021,Public,26,Blind,18
2021,Public,26,Deaf,152
2023,Private,27,Deaf,315
2023,Private,27,Others,666
2023,Private,27,Physically Handicapped,142
2023,Private,27,Mentally Retarded,738
2023,Private,27,Blind,64
2022,Private,27,Others,710
2022,Private,27,Physically Handicapped,162
2022,Private,27,Blind,61
2022,Private,27,Deaf,325
2022,Private,27,Mentally Retarded,798
2021,Private,27,Blind,71
2021,Private,27,Others,702
2021,Private,27,Deaf,355
2021,Private,27,Mentally Retarded,767
2021,Private,27,Physically Handicapped,188
2023,Public,27,Others,246
2023,Public,27,Deaf,104
2023,Public,27,Mentally Retarded,289
2023,Public,27,Blind,20
2023,Public,27,Physically Handicapped,55
2022,Public,27,Mentally Retarded,270
2022,Public,27,Physically Handicapped,52
2022,Public,27,Blind,22
2022,Public,27,Deaf,94
2022,Public,27,Others,238
2021,Public,27,Physically Handicapped,48
2021,Public,27,Others,219
2021,Public,27,Deaf,79
2021,Public,27,Mentally Retarded,260
2021,Public,27,Blind,19
2023,Private,28,Blind,4
2023,Private,28,Deaf,34
2023,Private,28,Others,35
2023,Private,28,Physically Handicapped,8
2023,Private,28,Mentally Retarded,162
2022,Private,28,Physically Handicapped,7
2022,Private,28,Blind,6
2022,Private,28,Deaf,40
2022,Private,28,Mentally Retarded,152
2022,Private,28,Others,26
2021,Private,28,Others,28
2021,Private,28,Deaf,49
2021,Private,28,Mentally Retarded,188
2021,Private,28,Physically Handicapped,11
2021,Private,28,Blind,7
2023,Public,28,Others,152
2023,Public,28,Deaf,67
2023,Public,28,Mentally Retarded,330
2023,Public,28,Blind,16
2023,Public,28,Physically Handicapped,43
2022,Public,28,Deaf,74
2022,Public,28,Physically Handicapped,49
2022,Public,28,Others,118
2022,Public,28,Mentally Retarded,367
2022,Public,28,Blind,14
2021,Public,28,Mentally Retarded,375
2021,Public,28,Others,122
2021,Public,28,Blind,17
2021,Public,28,Physically Handicapped,49
2021,Public,28,Deaf,90
2023,Private,29,Physically Handicapped,14
2023,Private,29,Others,19
2023,Private,29,Mentally Retarded,93
2023,Private,29,Blind,3
2023,Private,29,Deaf,20
2022,Private,29,Blind,4
2022,Private,29,Mentally Retarded,61
2022,Private,29,Deaf,17
2022,Private,29,Physically Handicapped,10
2022,Private,29,Others,17
2021,Private,29,Deaf,24
2021,Private,29,Physically Handicapped,11
2021,Private,29,Mentally Retarded,61
2021,Private,29,Others,14
2021,Private,29,Blind,2
2023,Public,29,Deaf,102
2023,Public,29,Blind,18
2023,Public,29,Mentally Retarded,441
2023,Public,29,Others,133
2023,Public,29,Physically Handicapped,56
2022,Public,29,Deaf,94
2022,Public,29,Blind,20
2022,Public,29,Others,168
2022,Public,29,Physically Handicapped,72
2022,Public,29,Mentally Retarded,436
2021,Public,29,Mentally Retarded,424
2021,Public,29,Deaf,94
2021,Public,29,Blind,26
2021,Public,29,Others,167
2021,Public,29,Physically Handicapped,75
2023,Private,30,Physically Handicapped,17
2023,Private,30,Mentally Retarded,112
2023,Private,30,Others,18
2023,Private,30,Blind,0
2023,Private,30,Deaf,0
2022,Private,30,Mentally Retarded,120
2022,Private,30,Blind,0
2022,Private,30,Deaf,1
2022,Private,30,Physically Handicapped,18
2022,Private,30,Others,17
2021,Private,30,Physically Handicapped,21
2021,Private,30,Deaf,0
2021,Private,30,Mentally Retarded,120
2021,Private,30,Others,8
2021,Private,30,Blind,0
2023,Public,30,Blind,87
2023,Public,30,Deaf,567
2023,Public,30,Mentally Retarded,1289
2023,Public,30,Others,354
2023,Public,30,Physically Handicapped,43
2022,Public,30,Mentally Retarded,1263
2022,Public,30,Physically Handicapped,46
2022,Public,30,Deaf,584
2022,Public,30,Others,256
2022,Public,30,Blind,89
2021,Public,30,Physically Handicapped,43
2021,Public,30,Others,188
2021,Public,30,Mentally Retarded,1189
2021,Public,30,Blind,88
2021,Public,30,Deaf,624
2023,Private,31,Blind,123
2023,Private,31,Others,401
2023,Private,31,Physically Handicapped,242
2023,Private,31,Deaf,359
2023,Private,31,Mentally Retarded,683
2022,Private,31,Blind,126
2022,Private,31,Others,417
2022,Private,31,Deaf,371
2022,Private,31,Physically Handicapped,222
2022,Private,31,Mentally Retarded,667
2021,Private,31,Deaf,372
2021,Private,31,Blind,125
2021,Private,31,Mentally Retarded,648
2021,Private,31,Others,428
2021,Private,31,Physically Handicapped,236
2023,Public,31,Others,372
2023,Public,31,Deaf,451
2023,Public,31,Mentally Retarded,1244
2023,Public,31,Physically Handicapped,193
2023,Public,31,Blind,66
2022,Public,31,Blind,63
2022,Public,31,Others,318
2022,Public,31,Physically Handicapped,191
2022,Public,31,Mentally Retarded,1134
2022,Public,31,Deaf,457
2021,Public,31,Deaf,434
2021,Public,31,Blind,55
2021,Public,31,Others,272
2021,Public,31,Physically Handicapped,163
2021,Public,31,Mentally Retarded,982
2023,Private,32,Physically Handicapped,33
2023,Private,32,Others,120
2023,Private,32,Blind,36
2023,Private,32,Mentally Retarded,374
2023,Private,32,Deaf,123
2022,Private,32,Blind,40
2022,Private,32,Others,102
2022,Private,32,Deaf,126
2022,Private,32,Physically Handicapped,27
2022,Private,32,Mentally Retarded,323
2021,Private,32,Deaf,129
2021,Private,32,Blind,41
2021,Private,32,Mentally Retarded,245
2021,Private,32,Others,161
2021,Private,32,Physically Handicapped,24
2023,Public,32,Mentally Retarded,1619
2023,Public,32,Others,406
2023,Public,32,Physically Handicapped,151
2023,Public,32,Deaf,260
2023,Public,32,Blind,70
2022,Public,32,Others,373
2022,Public,32,Mentally Retarded,1456
2022,Public,32,Physically Handicapped,151
2022,Public,32,Blind,64
2022,Public,32,Deaf,258
2021,Public,32,Blind,73
2021,Public,32,Physically Handicapped,139
2021,Public,32,Others,319
2021,Public,32,Deaf,269
2021,Public,32,Mentally Retarded,1355
2023,Private,33,Mentally Retarded,35
2023,Private,33,Physically Handicapped,5
2023,Private,33,Deaf,12
2023,Private,33,Others,8
2023,Private,33,Blind,3
2022,Private,33,Blind,59
2022,Private,33,Others,62
2022,Private,33,Deaf,145
2022,Private,33,Mentally Retarded,227
2022,Private,33,Physically Handicapped,8
2021,Private,33,Deaf,114
2021,Private,33,Blind,2
2021,Private,33,Mentally Retarded,179
2021,Private,33,Physically Handicapped,9
2021,Private,33,Others,23
2023,Public,33,Mentally Retarded,189
2023,Public,33,Physically Handicapped,20
2023,Public,33,Deaf,66
2023,Public,33,Others,107
2023,Public,33,Blind,15
2022,Public,33,Mentally Retarded,271
2022,Public,33,Deaf,127
2022,Public,33,Others,172
2022,Public,33,Blind,28
2022,Public,33,Physically Handicapped,37
2021,Public,33,Physically Handicapped,34
2021,Public,33,Mentally Retarded,289
2021,Public,33,Blind,27
2021,Public,33,Deaf,123
2021,Public,33,Others,145
2023,Private,34,Physically Handicapped,28
2023,Private,34,Mentally Retarded,408
2023,Private,34,Others,109
2023,Private,34,Blind,72
2023,Private,34,Deaf,226
2022,Private,34,Others,12
2022,Private,34,Deaf,9
2022,Private,34,Mentally Retarded,18
2022,Private,34,Blind,2
2022,Private,34,Physically Handicapped,1
2021,Private,34,Blind,2
2021,Private,34,Mentally Retarded,10
2021,Private,34,Physically Handicapped,0
2021,Private,34,Deaf,7
2021,Private,34,Others,13
2023,Public,34,Blind,14
2023,Public,34,Deaf,86
2023,Public,34,Mentally Retarded,207
2023,Public,34,Physically Handicapped,24
2023,Public,34,Others,143
2022,Public,34,Others,51
2022,Public,34,Physically Handicapped,10
2022,Public,34,Blind,6
2022,Public,34,Mentally Retarded,120
2022,Public,34,Deaf,55
2021,Public,34,Blind,6
2021,Public,34,Others,43
2021,Public,34,Deaf,61
2021,Public,34,Physically Handicapped,9
2021,Public,34,Mentally Retarded,123
