Year,Status,No,Teacher Age,Total
2021,Private,1,46-50,65
2021,Private,1,51-55,144
2021,Private,1,> 55,168
2021,Private,1,41-45,79
2021,Private,1,< 31,152
2021,Private,1,31-35,67
2021,Private,1,36-40,65
2022,Private,1,46-50,68
2022,Private,1,51-55,124
2022,Private,1,> 55,168
2022,Private,1,41-45,76
2022,Private,1,< 31,144
2022,Private,1,31-35,70
2022,Private,1,36-40,65
2023,Private,1,46-50,54
2023,Private,1,51-55,91
2023,Private,1,> 55,166
2023,Private,1,41-45,66
2023,Private,1,< 31,151
2023,Private,1,31-35,69
2023,Private,1,36-40,55
2021,Public,1,< 31,254
2021,Public,1,> 55,69
2021,Public,1,46-50,59
2021,Public,1,51-55,79
2021,Public,1,41-45,31
2021,Public,1,31-35,60
2021,Public,1,36-40,37
2022,Public,1,46-50,49
2022,Public,1,41-45,24
2022,Public,1,51-55,82
2022,Public,1,> 55,69
2022,Public,1,31-35,81
2022,Public,1,< 31,235
2022,Public,1,36-40,31
2023,Public,1,< 31,234
2023,Public,1,41-45,32
2023,Public,1,51-55,84
2023,Public,1,> 55,67
2023,Public,1,46-50,48
2023,Public,1,31-35,105
2023,Public,1,36-40,43
2021,Private,2,36-40,305
2021,Private,2,41-45,236
2021,Private,2,< 31,978
2021,Private,2,31-35,467
2021,Private,2,> 55,329
2021,Private,2,51-55,427
2021,Private,2,46-50,300
2022,Private,2,46-50,257
2022,Private,2,51-55,367
2022,Private,2,> 55,365
2022,Private,2,31-35,453
2022,Private,2,36-40,300
2022,Private,2,41-45,220
2022,Private,2,< 31,946
2023,Private,2,51-55,310
2023,Private,2,> 55,361
2023,Private,2,36-40,281
2023,Private,2,46-50,206
2023,Private,2,31-35,466
2023,Private,2,41-45,208
2023,Private,2,< 31,925
2021,Public,2,46-50,142
2021,Public,2,41-45,92
2021,Public,2,36-40,101
2021,Public,2,< 31,318
2021,Public,2,> 55,169
2021,Public,2,51-55,191
2021,Public,2,31-35,204
2022,Public,2,31-35,277
2022,Public,2,> 55,190
2022,Public,2,51-55,194
2022,Public,2,41-45,107
2022,Public,2,36-40,120
2022,Public,2,< 31,319
2022,Public,2,46-50,127
2023,Public,2,31-35,300
2023,Public,2,< 31,341
2023,Public,2,> 55,206
2023,Public,2,46-50,129
2023,Public,2,51-55,200
2023,Public,2,36-40,172
2023,Public,2,41-45,123
2021,Private,3,36-40,129
2021,Private,3,31-35,139
2021,Private,3,< 31,309
2021,Private,3,> 55,21
2021,Private,3,51-55,42
2021,Private,3,41-45,89
2021,Private,3,46-50,68
2022,Private,3,> 55,25
2022,Private,3,31-35,119
2022,Private,3,< 31,296
2022,Private,3,51-55,46
2022,Private,3,36-40,130
2022,Private,3,41-45,85
2022,Private,3,46-50,71
2023,Private,3,< 31,305
2023,Private,3,36-40,112
2023,Private,3,41-45,95
2023,Private,3,31-35,141
2023,Private,3,> 55,29
2023,Private,3,46-50,69
2023,Private,3,51-55,52
2021,Public,3,< 31,30
2021,Public,3,41-45,49
2021,Public,3,36-40,64
2021,Public,3,46-50,61
2021,Public,3,> 55,42
2021,Public,3,51-55,73
2021,Public,3,31-35,32
2022,Public,3,46-50,56
2022,Public,3,51-55,72
2022,Public,3,> 55,51
2022,Public,3,41-45,55
2022,Public,3,< 31,33
2022,Public,3,31-35,33
2022,Public,3,36-40,63
2023,Public,3,51-55,66
2023,Public,3,> 55,55
2023,Public,3,31-35,33
2023,Public,3,46-50,50
2023,Public,3,< 31,33
2023,Public,3,36-40,52
2023,Public,3,41-45,60
2021,Private,4,< 31,434
2021,Private,4,36-40,182
2021,Private,4,31-35,256
2021,Private,4,> 55,258
2021,Private,4,41-45,155
2021,Private,4,46-50,174
2021,Private,4,51-55,203
2022,Private,4,46-50,140
2022,Private,4,51-55,182
2022,Private,4,> 55,255
2022,Private,4,31-35,278
2022,Private,4,< 31,373
2022,Private,4,41-45,144
2022,Private,4,36-40,150
2023,Private,4,46-50,106
2023,Private,4,51-55,134
2023,Private,4,> 55,211
2023,Private,4,41-45,133
2023,Private,4,< 31,409
2023,Private,4,31-35,263
2023,Private,4,36-40,168
2021,Public,4,36-40,171
2021,Public,4,31-35,203
2021,Public,4,< 31,298
2021,Public,4,41-45,92
2021,Public,4,> 55,227
2021,Public,4,51-55,108
2021,Public,4,46-50,90
2022,Public,4,< 31,328
2022,Public,4,41-45,113
2022,Public,4,36-40,177
2022,Public,4,46-50,94
2022,Public,4,> 55,203
2022,Public,4,51-55,100
2022,Public,4,31-35,240
2023,Public,4,> 55,212
2023,Public,4,31-35,247
2023,Public,4,< 31,268
2023,Public,4,41-45,122
2023,Public,4,36-40,194
2023,Public,4,51-55,132
2023,Public,4,46-50,111
2021,Private,5,51-55,137
2021,Private,5,> 55,96
2021,Private,5,< 31,184
2021,Private,5,46-50,111
2021,Private,5,31-35,89
2021,Private,5,36-40,84
2021,Private,5,41-45,77
2022,Private,5,< 31,172
2022,Private,5,46-50,103
2022,Private,5,51-55,123
2022,Private,5,> 55,103
2022,Private,5,31-35,90
2022,Private,5,36-40,83
2022,Private,5,41-45,74
2023,Private,5,46-50,90
2023,Private,5,51-55,108
2023,Private,5,41-45,64
2023,Private,5,> 55,105
2023,Private,5,< 31,189
2023,Private,5,36-40,75
2023,Private,5,31-35,85
2021,Public,5,41-45,42
2021,Public,5,46-50,42
2021,Public,5,51-55,68
2021,Public,5,< 31,63
2021,Public,5,> 55,57
2021,Public,5,36-40,38
2021,Public,5,31-35,56
2022,Public,5,36-40,42
2022,Public,5,31-35,58
2022,Public,5,< 31,50
2022,Public,5,41-45,33
2022,Public,5,> 55,61
2022,Public,5,51-55,65
2022,Public,5,46-50,43
2023,Public,5,46-50,40
2023,Public,5,51-55,68
2023,Public,5,> 55,65
2023,Public,5,41-45,33
2023,Public,5,< 31,28
2023,Public,5,31-35,68
2023,Public,5,36-40,47
2021,Private,6,46-50,255
2021,Private,6,51-55,341
2021,Private,6,> 55,286
2021,Private,6,31-35,440
2021,Private,6,< 31,827
2021,Private,6,41-45,254
2021,Private,6,36-40,318
2022,Private,6,36-40,332
2022,Private,6,41-45,232
2022,Private,6,31-35,448
2022,Private,6,< 31,834
2022,Private,6,> 55,295
2022,Private,6,51-55,332
2022,Private,6,46-50,222
2023,Private,6,> 55,276
2023,Private,6,36-40,304
2023,Private,6,31-35,466
2023,Private,6,< 31,847
2023,Private,6,51-55,286
2023,Private,6,46-50,208
2023,Private,6,41-45,247
2021,Public,6,36-40,119
2021,Public,6,31-35,125
2021,Public,6,< 31,191
2021,Public,6,41-45,70
2021,Public,6,51-55,202
2021,Public,6,> 55,180
2021,Public,6,46-50,119
2022,Public,6,< 31,235
2022,Public,6,41-45,83
2022,Public,6,36-40,137
2022,Public,6,31-35,151
2022,Public,6,> 55,187
2022,Public,6,51-55,208
2022,Public,6,46-50,88
2023,Public,6,< 31,228
2023,Public,6,51-55,202
2023,Public,6,> 55,183
2023,Public,6,31-35,179
2023,Public,6,36-40,137
2023,Public,6,41-45,86
2023,Public,6,46-50,67
2021,Private,7,< 31,163
2021,Private,7,> 55,12
2021,Private,7,51-55,31
2021,Private,7,41-45,25
2021,Private,7,36-40,75
2021,Private,7,31-35,133
2021,Private,7,46-50,13
2022,Private,7,41-45,23
2022,Private,7,> 55,14
2022,Private,7,46-50,12
2022,Private,7,51-55,17
2022,Private,7,< 31,149
2022,Private,7,31-35,152
2022,Private,7,36-40,77
2023,Private,7,51-55,12
2023,Private,7,> 55,14
2023,Private,7,< 31,144
2023,Private,7,46-50,7
2023,Private,7,31-35,103
2023,Private,7,36-40,76
2023,Private,7,41-45,26
2021,Public,7,36-40,87
2021,Public,7,31-35,155
2021,Public,7,41-45,40
2021,Public,7,51-55,55
2021,Public,7,46-50,21
2021,Public,7,> 55,32
2021,Public,7,< 31,180
2022,Public,7,51-55,46
2022,Public,7,> 55,41
2022,Public,7,< 31,218
2022,Public,7,36-40,119
2022,Public,7,31-35,161
2022,Public,7,46-50,23
2022,Public,7,41-45,48
2023,Public,7,41-45,47
2023,Public,7,36-40,138
2023,Public,7,46-50,30
2023,Public,7,> 55,44
2023,Public,7,51-55,31
2023,Public,7,31-35,178
2023,Public,7,< 31,255
2021,Private,8,41-45,23
2021,Private,8,> 55,27
2021,Private,8,51-55,48
2021,Private,8,31-35,35
2021,Private,8,< 31,102
2021,Private,8,46-50,28
2021,Private,8,36-40,29
2022,Private,8,46-50,25
2022,Private,8,51-55,37
2022,Private,8,< 31,121
2022,Private,8,31-35,41
2022,Private,8,36-40,28
2022,Private,8,> 55,36
2022,Private,8,41-45,29
2023,Private,8,51-55,29
2023,Private,8,< 31,117
2023,Private,8,46-50,23
2023,Private,8,31-35,40
2023,Private,8,36-40,24
2023,Private,8,> 55,39
2023,Private,8,41-45,25
2021,Public,8,46-50,51
2021,Public,8,51-55,38
2021,Public,8,> 55,55
2021,Public,8,< 31,148
2021,Public,8,31-35,91
2021,Public,8,36-40,58
2021,Public,8,41-45,47
2022,Public,8,36-40,64
2022,Public,8,31-35,99
2022,Public,8,< 31,156
2022,Public,8,41-45,47
2022,Public,8,> 55,65
2022,Public,8,51-55,31
2022,Public,8,46-50,45
2023,Public,8,36-40,69
2023,Public,8,41-45,49
2023,Public,8,46-50,49
2023,Public,8,51-55,32
2023,Public,8,> 55,62
2023,Public,8,< 31,165
2023,Public,8,31-35,103
2021,Private,9,36-40,85
2021,Private,9,31-35,191
2021,Private,9,< 31,402
2021,Private,9,51-55,93
2021,Private,9,46-50,59
2021,Private,9,41-45,56
2021,Private,9,> 55,73
2022,Private,9,46-50,57
2022,Private,9,41-45,54
2022,Private,9,> 55,97
2022,Private,9,51-55,72
2022,Private,9,< 31,467
2022,Private,9,31-35,214
2022,Private,9,36-40,95
2023,Private,9,36-40,92
2023,Private,9,41-45,43
2023,Private,9,> 55,102
2023,Private,9,46-50,45
2023,Private,9,< 31,428
2023,Private,9,51-55,59
2023,Private,9,31-35,230
2021,Public,9,51-55,74
2021,Public,9,> 55,75
2021,Public,9,31-35,94
2021,Public,9,< 31,143
2021,Public,9,36-40,41
2021,Public,9,46-50,29
2021,Public,9,41-45,24
2022,Public,9,36-40,51
2022,Public,9,41-45,33
2022,Public,9,46-50,25
2022,Public,9,31-35,92
2022,Public,9,> 55,81
2022,Public,9,51-55,61
2022,Public,9,< 31,146
2023,Public,9,36-40,68
2023,Public,9,31-35,87
2023,Public,9,< 31,151
2023,Public,9,> 55,85
2023,Public,9,41-45,34
2023,Public,9,51-55,50
2023,Public,9,46-50,26
2021,Private,10,36-40,25
2021,Private,10,31-35,37
2021,Private,10,< 31,133
2021,Private,10,41-45,19
2021,Private,10,> 55,17
2021,Private,10,51-55,14
2021,Private,10,46-50,11
2022,Private,10,41-45,19
2022,Private,10,46-50,11
2022,Private,10,51-55,14
2022,Private,10,< 31,132
2022,Private,10,31-35,50
2022,Private,10,36-40,22
2022,Private,10,> 55,17
2023,Private,10,36-40,18
2023,Private,10,31-35,46
2023,Private,10,< 31,110
2023,Private,10,41-45,16
2023,Private,10,> 55,12
2023,Private,10,51-55,12
2023,Private,10,46-50,8
2021,Public,10,46-50,33
2021,Public,10,51-55,34
2021,Public,10,> 55,25
2021,Public,10,31-35,42
2021,Public,10,36-40,37
2021,Public,10,41-45,53
2021,Public,10,< 31,74
2022,Public,10,46-50,44
2022,Public,10,51-55,34
2022,Public,10,> 55,29
2022,Public,10,31-35,56
2022,Public,10,< 31,97
2022,Public,10,41-45,41
2022,Public,10,36-40,42
2023,Public,10,51-55,39
2023,Public,10,> 55,28
2023,Public,10,< 31,87
2023,Public,10,46-50,34
2023,Public,10,31-35,74
2023,Public,10,36-40,41
2023,Public,10,41-45,38
2021,Private,11,41-45,10
2021,Private,11,36-40,19
2021,Private,11,31-35,28
2021,Private,11,46-50,8
2021,Private,11,< 31,28
2021,Private,11,> 55,9
2021,Private,11,51-55,4
2022,Private,11,< 31,38
2022,Private,11,46-50,7
2022,Private,11,31-35,25
2022,Private,11,41-45,12
2022,Private,11,36-40,21
2022,Private,11,51-55,2
2022,Private,11,> 55,10
2023,Private,11,41-45,13
2023,Private,11,< 31,35
2023,Private,11,31-35,29
2023,Private,11,46-50,9
2023,Private,11,51-55,4
2023,Private,11,36-40,19
2023,Private,11,> 55,7
2021,Public,11,< 31,42
2021,Public,11,46-50,21
2021,Public,11,51-55,12
2021,Public,11,> 55,3
2021,Public,11,41-45,13
2021,Public,11,31-35,31
2021,Public,11,36-40,22
2022,Public,11,51-55,13
2022,Public,11,36-40,18
2022,Public,11,31-35,28
2022,Public,11,< 31,42
2022,Public,11,> 55,2
2022,Public,11,46-50,17
2022,Public,11,41-45,9
2023,Public,11,51-55,14
2023,Public,11,41-45,13
2023,Public,11,36-40,26
2023,Public,11,31-35,27
2023,Public,11,< 31,49
2023,Public,11,> 55,4
2023,Public,11,46-50,12
2021,Private,12,41-45,5
2021,Private,12,36-40,5
2021,Private,12,51-55,1
2021,Private,12,46-50,0
2021,Private,12,> 55,0
2021,Private,12,< 31,24
2021,Private,12,31-35,12
2022,Private,12,> 55,0
2022,Private,12,41-45,5
2022,Private,12,36-40,3
2022,Private,12,31-35,18
2022,Private,12,< 31,24
2022,Private,12,51-55,1
2022,Private,12,46-50,0
2023,Private,12,36-40,4
2023,Private,12,31-35,17
2023,Private,12,< 31,30
2023,Private,12,41-45,4
2023,Private,12,> 55,1
2023,Private,12,51-55,0
2023,Private,12,46-50,1
2021,Public,12,> 55,31
2021,Public,12,46-50,26
2021,Public,12,51-55,27
2021,Public,12,< 31,112
2021,Public,12,41-45,29
2021,Public,12,36-40,46
2021,Public,12,31-35,75
2022,Public,12,36-40,46
2022,Public,12,31-35,91
2022,Public,12,< 31,116
2022,Public,12,51-55,28
2022,Public,12,> 55,26
2022,Public,12,41-45,29
2022,Public,12,46-50,23
2023,Public,12,36-40,48
2023,Public,12,31-35,105
2023,Public,12,< 31,124
2023,Public,12,41-45,30
2023,Public,12,> 55,23
2023,Public,12,51-55,27
2023,Public,12,46-50,23
2021,Private,13,36-40,31
2021,Private,13,31-35,43
2021,Private,13,< 31,60
2021,Private,13,41-45,18
2021,Private,13,> 55,18
2021,Private,13,51-55,22
2021,Private,13,46-50,24
2022,Private,13,31-35,47
2022,Private,13,< 31,87
2022,Private,13,> 55,25
2022,Private,13,36-40,34
2022,Private,13,51-55,11
2022,Private,13,46-50,23
2022,Private,13,41-45,13
2023,Private,13,> 55,11
2023,Private,13,46-50,12
2023,Private,13,51-55,4
2023,Private,13,< 31,86
2023,Private,13,31-35,33
2023,Private,13,36-40,35
2023,Private,13,41-45,12
2021,Public,13,51-55,23
2021,Public,13,> 55,22
2021,Public,13,< 31,61
2021,Public,13,46-50,23
2021,Public,13,31-35,43
2021,Public,13,36-40,37
2021,Public,13,41-45,21
2022,Public,13,36-40,36
2022,Public,13,31-35,53
2022,Public,13,< 31,77
2022,Public,13,41-45,31
2022,Public,13,> 55,20
2022,Public,13,51-55,25
2022,Public,13,46-50,22
2023,Public,13,41-45,32
2023,Public,13,46-50,29
2023,Public,13,> 55,36
2023,Public,13,36-40,38
2023,Public,13,51-55,33
2023,Public,13,< 31,72
2023,Public,13,31-35,49
2021,Private,14,< 31,8
2021,Private,14,41-45,5
2021,Private,14,36-40,2
2021,Private,14,31-35,5
2021,Private,14,> 55,0
2021,Private,14,51-55,0
2021,Private,14,46-50,3
2022,Private,14,46-50,3
2022,Private,14,51-55,0
2022,Private,14,> 55,0
2022,Private,14,41-45,2
2022,Private,14,< 31,9
2022,Private,14,31-35,5
2022,Private,14,36-40,2
2023,Private,14,46-50,4
2023,Private,14,51-55,0
2023,Private,14,> 55,0
2023,Private,14,41-45,1
2023,Private,14,< 31,12
2023,Private,14,31-35,4
2023,Private,14,36-40,2
2021,Public,14,46-50,13
2021,Public,14,51-55,22
2021,Public,14,> 55,14
2021,Public,14,41-45,9
2021,Public,14,< 31,55
2021,Public,14,31-35,24
2021,Public,14,36-40,11
2022,Public,14,46-50,7
2022,Public,14,51-55,22
2022,Public,14,> 55,14
2022,Public,14,41-45,12
2022,Public,14,< 31,45
2022,Public,14,31-35,32
2022,Public,14,36-40,12
2023,Public,14,46-50,5
2023,Public,14,51-55,21
2023,Public,14,> 55,15
2023,Public,14,41-45,12
2023,Public,14,< 31,49
2023,Public,14,31-35,29
2023,Public,14,36-40,16
2021,Private,15,46-50,2
2021,Private,15,51-55,0
2021,Private,15,< 31,23
2021,Private,15,31-35,9
2021,Private,15,> 55,0
2021,Private,15,41-45,2
2021,Private,15,36-40,8
2022,Private,15,> 55,0
2022,Private,15,31-35,4
2022,Private,15,51-55,0
2022,Private,15,36-40,12
2022,Private,15,41-45,1
2022,Private,15,46-50,2
2022,Private,15,< 31,24
2023,Private,15,46-50,2
2023,Private,15,51-55,0
2023,Private,15,> 55,0
2023,Private,15,41-45,4
2023,Private,15,< 31,23
2023,Private,15,31-35,7
2023,Private,15,36-40,8
2021,Public,15,> 55,23
2021,Public,15,36-40,31
2021,Public,15,31-35,56
2021,Public,15,< 31,100
2021,Public,15,41-45,15
2021,Public,15,51-55,26
2021,Public,15,46-50,4
2022,Public,15,46-50,8
2022,Public,15,36-40,32
2022,Public,15,31-35,67
2022,Public,15,< 31,112
2022,Public,15,> 55,23
2022,Public,15,51-55,21
2022,Public,15,41-45,13
2023,Public,15,36-40,36
2023,Public,15,31-35,81
2023,Public,15,< 31,99
2023,Public,15,> 55,23
2023,Public,15,41-45,14
2023,Public,15,46-50,7
2023,Public,15,51-55,19
2021,Private,16,31-35,31
2021,Private,16,< 31,65
2021,Private,16,51-55,22
2021,Private,16,> 55,17
2021,Private,16,46-50,11
2021,Private,16,36-40,21
2021,Private,16,41-45,17
2022,Private,16,> 55,21
2022,Private,16,31-35,29
2022,Private,16,46-50,16
2022,Private,16,51-55,17
2022,Private,16,41-45,14
2022,Private,16,36-40,21
2022,Private,16,< 31,65
2023,Private,16,41-45,10
2023,Private,16,46-50,8
2023,Private,16,51-55,10
2023,Private,16,36-40,18
2023,Private,16,< 31,51
2023,Private,16,31-35,35
2023,Private,16,> 55,18
2021,Public,16,36-40,32
2021,Public,16,31-35,50
2021,Public,16,< 31,91
2021,Public,16,51-55,22
2021,Public,16,> 55,34
2021,Public,16,41-45,26
2021,Public,16,46-50,14
2022,Public,16,41-45,26
2022,Public,16,46-50,16
2022,Public,16,> 55,26
2022,Public,16,36-40,33
2022,Public,16,< 31,91
2022,Public,16,31-35,46
2022,Public,16,51-55,18
2023,Public,16,46-50,18
2023,Public,16,51-55,15
2023,Public,16,< 31,75
2023,Public,16,36-40,24
2023,Public,16,31-35,47
2023,Public,16,41-45,30
2023,Public,16,> 55,16
2021,Private,17,46-50,5
2021,Private,17,41-45,13
2021,Private,17,> 55,12
2021,Private,17,51-55,9
2021,Private,17,< 31,31
2021,Private,17,31-35,14
2021,Private,17,36-40,19
2022,Private,17,31-35,18
2022,Private,17,51-55,6
2022,Private,17,41-45,9
2022,Private,17,36-40,17
2022,Private,17,< 31,37
2022,Private,17,46-50,7
2022,Private,17,> 55,7
2023,Private,17,36-40,11
2023,Private,17,41-45,14
2023,Private,17,< 31,46
2023,Private,17,31-35,20
2023,Private,17,46-50,8
2023,Private,17,51-55,4
2023,Private,17,> 55,6
2021,Public,17,46-50,13
2021,Public,17,51-55,8
2021,Public,17,> 55,17
2021,Public,17,41-45,8
2021,Public,17,< 31,26
2021,Public,17,31-35,30
2021,Public,17,36-40,26
2022,Public,17,31-35,37
2022,Public,17,< 31,26
2022,Public,17,41-45,12
2022,Public,17,46-50,11
2022,Public,17,36-40,23
2022,Public,17,> 55,17
2022,Public,17,51-55,11
2023,Public,17,41-45,13
2023,Public,17,36-40,22
2023,Public,17,> 55,14
2023,Public,17,51-55,11
2023,Public,17,46-50,7
2023,Public,17,< 31,34
2023,Public,17,31-35,35
2021,Private,18,41-45,10
2021,Private,18,36-40,6
2021,Private,18,31-35,9
2021,Private,18,< 31,14
2021,Private,18,> 55,1
2021,Private,18,46-50,3
2021,Private,18,51-55,3
2022,Private,18,31-35,6
2022,Private,18,< 31,13
2022,Private,18,> 55,1
2022,Private,18,51-55,3
2022,Private,18,46-50,2
2022,Private,18,36-40,1
2022,Private,18,41-45,3
2023,Private,18,46-50,1
2023,Private,18,41-45,2
2023,Private,18,31-35,7
2023,Private,18,< 31,16
2023,Private,18,> 55,2
2023,Private,18,51-55,1
2023,Private,18,36-40,2
2021,Public,18,> 55,20
2021,Public,18,46-50,16
2021,Public,18,51-55,9
2021,Public,18,41-45,30
2021,Public,18,< 31,117
2021,Public,18,31-35,55
2021,Public,18,36-40,52
2022,Public,18,51-55,11
2022,Public,18,41-45,44
2022,Public,18,46-50,19
2022,Public,18,> 55,25
2022,Public,18,< 31,118
2022,Public,18,31-35,64
2022,Public,18,36-40,49
2023,Public,18,> 55,14
2023,Public,18,< 31,96
2023,Public,18,36-40,50
2023,Public,18,41-45,51
2023,Public,18,46-50,16
2023,Public,18,51-55,15
2023,Public,18,31-35,69
2021,Private,19,46-50,2
2021,Private,19,< 31,25
2021,Private,19,51-55,0
2021,Private,19,31-35,9
2021,Private,19,36-40,4
2021,Private,19,> 55,0
2021,Private,19,41-45,3
2022,Private,19,46-50,2
2022,Private,19,51-55,0
2022,Private,19,< 31,31
2022,Private,19,31-35,8
2022,Private,19,36-40,3
2022,Private,19,41-45,1
2022,Private,19,> 55,0
2023,Private,19,> 55,0
2023,Private,19,51-55,0
2023,Private,19,41-45,1
2023,Private,19,< 31,27
2023,Private,19,31-35,6
2023,Private,19,36-40,3
2023,Private,19,46-50,3
2021,Public,19,31-35,148
2021,Public,19,< 31,198
2021,Public,19,36-40,76
2021,Public,19,> 55,43
2021,Public,19,51-55,54
2021,Public,19,46-50,49
2021,Public,19,41-45,47
2022,Public,19,< 31,188
2022,Public,19,31-35,153
2022,Public,19,41-45,53
2022,Public,19,36-40,105
2022,Public,19,51-55,53
2022,Public,19,46-50,43
2022,Public,19,> 55,35
2023,Public,19,< 31,183
2023,Public,19,51-55,48
2023,Public,19,> 55,40
2023,Public,19,31-35,167
2023,Public,19,41-45,49
2023,Public,19,46-50,44
2023,Public,19,36-40,132
2021,Private,20,46-50,30
2021,Private,20,< 31,49
2021,Private,20,41-45,26
2021,Private,20,31-35,25
2021,Private,20,36-40,17
2021,Private,20,> 55,15
2021,Private,20,51-55,22
2022,Private,20,< 31,47
2022,Private,20,41-45,17
2022,Private,20,31-35,27
2022,Private,20,46-50,27
2022,Private,20,36-40,12
2022,Private,20,> 55,13
2022,Private,20,51-55,20
2023,Private,20,41-45,12
2023,Private,20,36-40,17
2023,Private,20,31-35,26
2023,Private,20,> 55,11
2023,Private,20,51-55,19
2023,Private,20,46-50,17
2023,Private,20,< 31,46
2021,Public,20,46-50,24
2021,Public,20,51-55,39
2021,Public,20,> 55,28
2021,Public,20,31-35,34
2021,Public,20,< 31,63
2021,Public,20,41-45,36
2021,Public,20,36-40,31
2022,Public,20,31-35,42
2022,Public,20,41-45,36
2022,Public,20,46-50,17
2022,Public,20,51-55,38
2022,Public,20,36-40,27
2022,Public,20,> 55,27
2022,Public,20,< 31,59
2023,Public,20,36-40,33
2023,Public,20,46-50,19
2023,Public,20,41-45,36
2023,Public,20,< 31,64
2023,Public,20,31-35,47
2023,Public,20,> 55,31
2023,Public,20,51-55,31
2021,Private,21,< 31,0
2021,Private,21,31-35,0
2021,Private,21,41-45,0
2021,Private,21,46-50,0
2021,Private,21,36-40,0
2021,Private,21,> 55,0
2021,Private,21,51-55,0
2022,Private,21,51-55,0
2022,Private,21,> 55,0
2022,Private,21,< 31,0
2022,Private,21,31-35,0
2022,Private,21,36-40,0
2022,Private,21,46-50,0
2022,Private,21,41-45,0
2023,Private,21,41-45,1
2023,Private,21,31-35,0
2023,Private,21,36-40,1
2023,Private,21,51-55,0
2023,Private,21,> 55,0
2023,Private,21,46-50,1
2023,Private,21,< 31,0
2021,Public,21,46-50,5
2021,Public,21,< 31,26
2021,Public,21,> 55,7
2021,Public,21,36-40,7
2021,Public,21,31-35,27
2021,Public,21,41-45,5
2021,Public,21,51-55,4
2022,Public,21,46-50,5
2022,Public,21,41-45,6
2022,Public,21,31-35,28
2022,Public,21,36-40,17
2022,Public,21,< 31,24
2022,Public,21,> 55,8
2022,Public,21,51-55,1
2023,Public,21,41-45,7
2023,Public,21,< 31,18
2023,Public,21,46-50,5
2023,Public,21,51-55,2
2023,Public,21,> 55,5
2023,Public,21,36-40,21
2023,Public,21,31-35,29
2021,Private,22,36-40,25
2021,Private,22,31-35,23
2021,Private,22,< 31,53
2021,Private,22,41-45,37
2021,Private,22,> 55,21
2021,Private,22,51-55,29
2021,Private,22,46-50,30
2022,Private,22,46-50,35
2022,Private,22,41-45,23
2022,Private,22,< 31,53
2022,Private,22,31-35,30
2022,Private,22,36-40,19
2022,Private,22,51-55,26
2022,Private,22,> 55,23
2023,Private,22,51-55,23
2023,Private,22,46-50,33
2023,Private,22,< 31,48
2023,Private,22,> 55,27
2023,Private,22,31-35,25
2023,Private,22,36-40,21
2023,Private,22,41-45,16
2021,Public,22,46-50,4
2021,Public,22,51-55,8
2021,Public,22,> 55,5
2021,Public,22,41-45,15
2021,Public,22,< 31,27
2021,Public,22,31-35,16
2021,Public,22,36-40,12
2022,Public,22,< 31,29
2022,Public,22,> 55,6
2022,Public,22,41-45,14
2022,Public,22,46-50,8
2022,Public,22,51-55,10
2022,Public,22,31-35,21
2022,Public,22,36-40,11
2023,Public,22,< 31,23
2023,Public,22,46-50,16
2023,Public,22,51-55,11
2023,Public,22,41-45,9
2023,Public,22,36-40,11
2023,Public,22,> 55,5
2023,Public,22,31-35,23
2021,Private,23,< 31,0
2021,Private,23,41-45,0
2021,Private,23,46-50,0
2021,Private,23,51-55,0
2021,Private,23,36-40,0
2021,Private,23,> 55,0
2021,Private,23,31-35,0
2022,Private,23,< 31,0
2022,Private,23,46-50,0
2022,Private,23,41-45,0
2022,Private,23,36-40,0
2022,Private,23,31-35,0
2022,Private,23,> 55,0
2022,Private,23,51-55,0
2023,Private,23,36-40,0
2023,Private,23,41-45,0
2023,Private,23,< 31,0
2023,Private,23,31-35,0
2023,Private,23,46-50,0
2023,Private,23,> 55,0
2023,Private,23,51-55,0
2021,Public,23,31-35,54
2021,Public,23,36-40,31
2021,Public,23,< 31,60
2021,Public,23,46-50,21
2021,Public,23,51-55,10
2021,Public,23,41-45,29
2021,Public,23,> 55,22
2022,Public,23,36-40,33
2022,Public,23,31-35,60
2022,Public,23,41-45,23
2022,Public,23,< 31,61
2022,Public,23,51-55,9
2022,Public,23,46-50,24
2022,Public,23,> 55,19
2023,Public,23,36-40,40
2023,Public,23,31-35,53
2023,Public,23,< 31,49
2023,Public,23,41-45,23
2023,Public,23,51-55,13
2023,Public,23,> 55,16
2023,Public,23,46-50,19
2021,Private,24,51-55,9
2021,Private,24,41-45,7
2021,Private,24,46-50,4
2021,Private,24,> 55,5
2021,Private,24,< 31,38
2021,Private,24,31-35,11
2021,Private,24,36-40,13
2022,Private,24,> 55,5
2022,Private,24,36-40,11
2022,Private,24,31-35,13
2022,Private,24,< 31,62
2022,Private,24,51-55,8
2022,Private,24,46-50,4
2022,Private,24,41-45,8
2023,Private,24,31-35,14
2023,Private,24,< 31,66
2023,Private,24,> 55,5
2023,Private,24,36-40,9
2023,Private,24,51-55,7
2023,Private,24,46-50,2
2023,Private,24,41-45,11
2021,Public,24,< 31,35
2021,Public,24,41-45,23
2021,Public,24,36-40,27
2021,Public,24,31-35,20
2021,Public,24,> 55,15
2021,Public,24,51-55,33
2021,Public,24,46-50,20
2022,Public,24,51-55,28
2022,Public,24,31-35,27
2022,Public,24,< 31,41
2022,Public,24,36-40,20
2022,Public,24,46-50,15
2022,Public,24,41-45,18
2022,Public,24,> 55,20
2023,Public,24,31-35,22
2023,Public,24,< 31,35
2023,Public,24,> 55,26
2023,Public,24,51-55,20
2023,Public,24,41-45,15
2023,Public,24,36-40,13
2023,Public,24,46-50,17
2021,Private,25,31-35,90
2021,Private,25,< 31,180
2021,Private,25,> 55,104
2021,Private,25,36-40,63
2021,Private,25,51-55,109
2021,Private,25,46-50,46
2021,Private,25,41-45,52
2022,Private,25,36-40,59
2022,Private,25,31-35,99
2022,Private,25,46-50,38
2022,Private,25,> 55,122
2022,Private,25,51-55,73
2022,Private,25,41-45,56
2022,Private,25,< 31,178
2023,Private,25,51-55,46
2023,Private,25,> 55,104
2023,Private,25,41-45,43
2023,Private,25,46-50,23
2023,Private,25,< 31,170
2023,Private,25,31-35,95
2023,Private,25,36-40,48
2021,Public,25,46-50,64
2021,Public,25,41-45,38
2021,Public,25,51-55,132
2021,Public,25,> 55,142
2021,Public,25,< 31,85
2021,Public,25,31-35,70
2021,Public,25,36-40,29
2022,Public,25,< 31,81
2022,Public,25,46-50,66
2022,Public,25,51-55,116
2022,Public,25,> 55,169
2022,Public,25,31-35,81
2022,Public,25,36-40,38
2022,Public,25,41-45,37
2023,Public,25,46-50,59
2023,Public,25,51-55,97
2023,Public,25,> 55,185
2023,Public,25,41-45,42
2023,Public,25,< 31,83
2023,Public,25,31-35,84
2023,Public,25,36-40,44
2021,Private,26,36-40,7
2021,Private,26,31-35,27
2021,Private,26,< 31,22
2021,Private,26,41-45,2
2021,Private,26,> 55,0
2021,Private,26,51-55,3
2021,Private,26,46-50,6
2022,Private,26,< 31,28
2022,Private,26,46-50,2
2022,Private,26,51-55,3
2022,Private,26,> 55,0
2022,Private,26,31-35,29
2022,Private,26,36-40,5
2022,Private,26,41-45,1
2023,Private,26,41-45,0
2023,Private,26,46-50,1
2023,Private,26,51-55,3
2023,Private,26,< 31,25
2023,Private,26,31-35,16
2023,Private,26,36-40,11
2023,Private,26,> 55,0
2021,Public,26,< 31,68
2021,Public,26,31-35,60
2021,Public,26,> 55,20
2021,Public,26,36-40,14
2021,Public,26,51-55,21
2021,Public,26,46-50,17
2021,Public,26,41-45,23
2022,Public,26,> 55,23
2022,Public,26,< 31,72
2022,Public,26,36-40,14
2022,Public,26,41-45,21
2022,Public,26,46-50,14
2022,Public,26,51-55,16
2022,Public,26,31-35,53
2023,Public,26,41-45,14
2023,Public,26,46-50,14
2023,Public,26,36-40,27
2023,Public,26,< 31,61
2023,Public,26,31-35,50
2023,Public,26,> 55,21
2023,Public,26,51-55,19
2021,Private,27,36-40,96
2021,Private,27,> 55,16
2021,Private,27,31-35,124
2021,Private,27,46-50,55
2021,Private,27,51-55,36
2021,Private,27,41-45,41
2021,Private,27,< 31,144
2022,Private,27,41-45,38
2022,Private,27,36-40,117
2022,Private,27,31-35,111
2022,Private,27,46-50,51
2022,Private,27,51-55,40
2022,Private,27,> 55,22
2022,Private,27,< 31,159
2023,Private,27,> 55,19
2023,Private,27,46-50,27
2023,Private,27,51-55,39
2023,Private,27,31-35,93
2023,Private,27,41-45,34
2023,Private,27,36-40,69
2023,Private,27,< 31,148
2021,Public,27,> 55,14
2021,Public,27,51-55,17
2021,Public,27,41-45,13
2021,Public,27,46-50,18
2021,Public,27,36-40,30
2021,Public,27,31-35,35
2021,Public,27,< 31,18
2022,Public,27,> 55,17
2022,Public,27,46-50,25
2022,Public,27,41-45,16
2022,Public,27,36-40,37
2022,Public,27,31-35,32
2022,Public,27,< 31,26
2022,Public,27,51-55,17
2023,Public,27,36-40,44
2023,Public,27,31-35,25
2023,Public,27,< 31,33
2023,Public,27,41-45,19
2023,Public,27,> 55,12
2023,Public,27,51-55,22
2023,Public,27,46-50,25
2021,Private,28,46-50,6
2021,Private,28,51-55,7
2021,Private,28,< 31,8
2021,Private,28,> 55,8
2021,Private,28,31-35,4
2021,Private,28,41-45,8
2021,Private,28,36-40,3
2022,Private,28,46-50,4
2022,Private,28,41-45,8
2022,Private,28,36-40,2
2022,Private,28,< 31,9
2022,Private,28,31-35,6
2022,Private,28,> 55,10
2022,Private,28,51-55,5
2023,Private,28,46-50,2
2023,Private,28,51-55,3
2023,Private,28,> 55,7
2023,Private,28,31-35,10
2023,Private,28,< 31,6
2023,Private,28,41-45,6
2023,Private,28,36-40,3
2021,Public,28,41-45,16
2021,Public,28,51-55,12
2021,Public,28,< 31,24
2021,Public,28,> 55,2
2021,Public,28,31-35,30
2021,Public,28,46-50,14
2021,Public,28,36-40,26
2022,Public,28,31-35,32
2022,Public,28,< 31,26
2022,Public,28,51-55,8
2022,Public,28,36-40,29
2022,Public,28,> 55,4
2022,Public,28,46-50,15
2022,Public,28,41-45,13
2023,Public,28,51-55,3
2023,Public,28,< 31,20
2023,Public,28,36-40,30
2023,Public,28,31-35,38
2023,Public,28,41-45,16
2023,Public,28,> 55,5
2023,Public,28,46-50,17
2021,Private,29,< 31,5
2021,Private,29,51-55,4
2021,Private,29,> 55,4
2021,Private,29,36-40,6
2021,Private,29,46-50,4
2021,Private,29,31-35,6
2021,Private,29,41-45,1
2022,Private,29,< 31,13
2022,Private,29,46-50,3
2022,Private,29,31-35,6
2022,Private,29,36-40,4
2022,Private,29,> 55,4
2022,Private,29,41-45,0
2022,Private,29,51-55,3
2023,Private,29,46-50,0
2023,Private,29,> 55,2
2023,Private,29,51-55,1
2023,Private,29,41-45,2
2023,Private,29,< 31,9
2023,Private,29,31-35,5
2023,Private,29,36-40,4
2021,Public,29,36-40,48
2021,Public,29,31-35,38
2021,Public,29,< 31,55
2021,Public,29,41-45,35
2021,Public,29,> 55,7
2021,Public,29,51-55,9
2021,Public,29,46-50,23
2022,Public,29,46-50,25
2022,Public,29,51-55,12
2022,Public,29,36-40,51
2022,Public,29,41-45,32
2022,Public,29,31-35,38
2022,Public,29,> 55,6
2022,Public,29,< 31,53
2023,Public,29,36-40,42
2023,Public,29,31-35,21
2023,Public,29,< 31,54
2023,Public,29,46-50,23
2023,Public,29,> 55,6
2023,Public,29,51-55,14
2023,Public,29,41-45,31
2021,Private,30,41-45,1
2021,Private,30,46-50,4
2021,Private,30,< 31,7
2021,Private,30,31-35,3
2021,Private,30,36-40,2
2021,Private,30,51-55,3
2021,Private,30,> 55,3
2022,Private,30,46-50,5
2022,Private,30,51-55,3
2022,Private,30,41-45,1
2022,Private,30,31-35,3
2022,Private,30,36-40,1
2022,Private,30,> 55,3
2022,Private,30,< 31,6
2023,Private,30,46-50,4
2023,Private,30,> 55,2
2023,Private,30,51-55,4
2023,Private,30,36-40,1
2023,Private,30,31-35,7
2023,Private,30,41-45,1
2023,Private,30,< 31,2
2021,Public,30,51-55,20
2021,Public,30,46-50,26
2021,Public,30,41-45,35
2021,Public,30,> 55,26
2021,Public,30,< 31,73
2021,Public,30,31-35,93
2021,Public,30,36-40,89
2022,Public,30,< 31,62
2022,Public,30,46-50,22
2022,Public,30,> 55,25
2022,Public,30,51-55,24
2022,Public,30,31-35,82
2022,Public,30,36-40,99
2022,Public,30,41-45,37
2023,Public,30,46-50,28
2023,Public,30,36-40,109
2023,Public,30,41-45,39
2023,Public,30,31-35,71
2023,Public,30,51-55,23
2023,Public,30,< 31,54
2023,Public,30,> 55,21
2021,Private,31,41-45,23
2021,Private,31,< 31,121
2021,Private,31,31-35,129
2021,Private,31,46-50,25
2021,Private,31,36-40,63
2021,Private,31,> 55,9
2021,Private,31,51-55,39
2022,Private,31,51-55,31
2022,Private,31,< 31,115
2022,Private,31,46-50,18
2022,Private,31,31-35,136
2022,Private,31,36-40,64
2022,Private,31,41-45,26
2022,Private,31,> 55,13
2023,Private,31,46-50,12
2023,Private,31,51-55,16
2023,Private,31,> 55,11
2023,Private,31,41-45,23
2023,Private,31,< 31,79
2023,Private,31,31-35,116
2023,Private,31,36-40,55
2021,Public,31,46-50,55
2021,Public,31,51-55,38
2021,Public,31,> 55,27
2021,Public,31,31-35,67
2021,Public,31,< 31,118
2021,Public,31,41-45,14
2021,Public,31,36-40,30
2022,Public,31,36-40,39
2022,Public,31,31-35,77
2022,Public,31,51-55,49
2022,Public,31,> 55,23
2022,Public,31,46-50,45
2022,Public,31,41-45,18
2022,Public,31,< 31,153
2023,Public,31,36-40,57
2023,Public,31,31-35,77
2023,Public,31,< 31,159
2023,Public,31,41-45,14
2023,Public,31,> 55,24
2023,Public,31,51-55,66
2023,Public,31,46-50,31
2021,Private,32,36-40,18
2021,Private,32,< 31,26
2021,Private,32,31-35,24
2021,Private,32,46-50,10
2021,Private,32,> 55,3
2021,Private,32,41-45,19
2021,Private,32,51-55,17
2022,Private,32,< 31,33
2022,Private,32,31-35,26
2022,Private,32,36-40,17
2022,Private,32,> 55,7
2022,Private,32,41-45,15
2022,Private,32,51-55,12
2022,Private,32,46-50,8
2023,Private,32,< 31,33
2023,Private,32,> 55,9
2023,Private,32,36-40,14
2023,Private,32,51-55,10
2023,Private,32,46-50,5
2023,Private,32,41-45,13
2023,Private,32,31-35,27
2021,Public,32,41-45,68
2021,Public,32,46-50,53
2021,Public,32,51-55,54
2021,Public,32,36-40,137
2021,Public,32,< 31,99
2021,Public,32,> 55,54
2021,Public,32,31-35,125
2022,Public,32,51-55,50
2022,Public,32,> 55,55
2022,Public,32,< 31,108
2022,Public,32,46-50,49
2022,Public,32,31-35,125
2022,Public,32,36-40,132
2022,Public,32,41-45,77
2023,Public,32,51-55,40
2023,Public,32,> 55,52
2023,Public,32,< 31,118
2023,Public,32,46-50,47
2023,Public,32,31-35,131
2023,Public,32,36-40,123
2023,Public,32,41-45,98
2021,Private,33,51-55,3
2021,Private,33,> 55,1
2021,Private,33,46-50,4
2021,Private,33,< 31,7
2021,Private,33,31-35,3
2021,Private,33,36-40,1
2021,Private,33,41-45,3
2022,Private,33,46-50,4
2022,Private,33,51-55,4
2022,Private,33,> 55,2
2022,Private,33,31-35,6
2022,Private,33,< 31,7
2022,Private,33,41-45,3
2022,Private,33,36-40,4
2023,Private,33,31-35,2
2023,Private,33,46-50,1
2023,Private,33,< 31,2
2023,Private,33,36-40,1
2023,Private,33,> 55,1
2023,Private,33,51-55,1
2023,Private,33,41-45,2
2021,Public,33,36-40,10
2021,Public,33,31-35,13
2021,Public,33,< 31,19
2021,Public,33,46-50,5
2021,Public,33,> 55,23
2021,Public,33,41-45,9
2021,Public,33,51-55,17
2022,Public,33,41-45,7
2022,Public,33,36-40,10
2022,Public,33,31-35,15
2022,Public,33,46-50,3
2022,Public,33,51-55,15
2022,Public,33,> 55,27
2022,Public,33,< 31,18
2023,Public,33,46-50,0
2023,Public,33,51-55,6
2023,Public,33,< 31,14
2023,Public,33,31-35,10
2023,Public,33,36-40,3
2023,Public,33,41-45,4
2023,Public,33,> 55,19
2021,Private,34,36-40,0
2021,Private,34,31-35,1
2021,Private,34,< 31,3
2021,Private,34,51-55,1
2021,Private,34,46-50,2
2021,Private,34,41-45,1
2021,Private,34,> 55,1
2022,Private,34,31-35,1
2022,Private,34,< 31,2
2022,Private,34,> 55,1
2022,Private,34,36-40,0
2022,Private,34,51-55,1
2022,Private,34,46-50,2
2022,Private,34,41-45,1
2023,Private,34,< 31,3
2023,Private,34,31-35,2
2023,Private,34,> 55,0
2023,Private,34,46-50,0
2023,Private,34,51-55,0
2023,Private,34,51-55,4
2023,Private,34,> 55,0
2023,Private,34,46-50,2
2023,Private,34,36-40,3
2023,Private,34,41-45,3
2023,Private,34,36-40,0
2023,Private,34,31-35,2
2023,Private,34,41-45,1
2023,Private,34,51-55,0
2023,Private,34,46-50,1
2023,Private,34,36-40,0
2023,Private,34,41-45,0
2023,Private,34,31-35,0
2023,Private,34,< 31,2
2023,Private,34,< 31,0
2023,Private,34,< 31,0
2023,Private,34,41-45,0
2023,Private,34,36-40,0
2023,Private,34,31-35,0
2023,Private,34,46-50,0
2023,Private,34,> 55,2
2023,Private,34,> 55,0
2023,Private,34,51-55,0
2023,Private,34,41-45,0
2023,Private,34,36-40,0
2023,Private,34,31-35,0
2023,Private,34,46-50,0
2023,Private,34,< 31,0
2023,Private,34,> 55,0
2023,Private,34,51-55,0
2021,Public,34,46-50,1
2021,Public,34,51-55,1
2021,Public,34,< 31,7
2021,Public,34,31-35,6
2021,Public,34,36-40,9
2021,Public,34,41-45,2
2021,Public,34,> 55,4
2022,Public,34,51-55,0
2022,Public,34,> 55,4
2022,Public,34,< 31,5
2022,Public,34,31-35,6
2022,Public,34,36-40,7
2022,Public,34,46-50,1
2022,Public,34,41-45,3
2023,Public,34,> 55,0
2023,Public,34,< 31,4
2023,Public,34,51-55,0
2023,Public,34,41-45,0
2023,Public,34,46-50,1
2023,Public,34,31-35,5
2023,Public,34,36-40,0
2023,Public,34,41-45,0
2023,Public,34,46-50,0
2023,Public,34,51-55,0
2023,Public,34,36-40,0
2023,Public,34,> 55,0
2023,Public,34,< 31,0
2023,Public,34,31-35,0
2023,Public,34,< 31,3
2023,Public,34,31-35,3
2023,Public,34,< 31,0
2023,Public,34,36-40,0
2023,Public,34,31-35,0
2023,Public,34,51-55,0
2023,Public,34,> 55,3
2023,Public,34,46-50,0
2023,Public,34,36-40,4
2023,Public,34,41-45,3
2023,Public,34,41-45,0
2023,Public,34,41-45,5
2023,Public,34,36-40,4
2023,Public,34,46-50,2
2023,Public,34,> 55,10
2023,Public,34,51-55,3
2023,Public,34,51-55,0
2023,Public,34,46-50,0
2023,Public,34,> 55,0
2023,Public,34,31-35,3
2023,Public,34,< 31,0
